role_group,count,min,mean,max
AttMidWinger,101,0.0,0.2282920384417036,1.0
DefMidWingBack,29,0.0,0.3709067143334549,1.0
Defender,183,0.0,0.35338253506295525,1.0
Forward,81,0.0,0.29080247566952383,1.0
Goalkeeper,44,0.0,0.34857156696100217,1.0
Midfielder,110,0.0,0.2792071382732169,1.0
WingBack,14,0.0,0.33802592768264966,1.0
